date,sales,year,month,day,month_day,weekday_name,temperature_2m_max,temperature_2m_min,weather_code,snowfall_sum,rain_sum,holiday,week_of_year,season,festival
2022-04-01,1.0639652541355185,2022,4,1,04-01,Friday,7.3085,0.9085,Overcast,0.0,0.0,0,13,Spring,0
2022-04-02,3.4721801223692577,2022,4,2,04-02,Saturday,6.6085,-1.1915,Overcast,0.0,0.0,0,13,Spring,1
2022-04-03,-0.833416157200155,2022,4,3,04-03,Sunday,7.2085,-1.8915,Light drizzle,0.0,0.0,0,13,Spring,0
2022-04-04,2.5599775207655684,2022,4,4,04-04,Monday,8.1085005,1.3085,Light snow,0.28,6.9999995,0,14,Spring,1
2022-04-05,-1.2712734059699258,2022,4,5,04-05,Tuesday,8.7085,5.0084996,Moderate drizzle,0.0,2.3999999,0,14,Spring,0
2022-04-07,1.6477749191618793,2022,4,7,04-07,Thursday,15.1085005,7.3085,Moderate drizzle,0.0,1.8,0,14,Spring,1
2022-04-08,-1.1496463924227673,2022,4,8,04-08,Friday,9.1085005,4.5084996,Rain showers,0.0,2.2,0,14,Spring,0
2022-04-09,-0.6509756368794172,2022,4,9,04-09,Saturday,9.3085,2.9085,Light drizzle,0.0,0.0,0,14,Spring,0
2022-04-10,-0.4442097138492477,2022,4,10,04-10,Sunday,7.9084997,2.7085001,Light drizzle,0.0,0.0,0,14,Spring,0
2022-04-11,-1.1253209897133356,2022,4,11,04-11,Monday,12.3085,1.9085001,Overcast,0.0,0.0,0,15,Spring,0
2022-04-12,-1.0523447815850404,2022,4,12,04-12,Tuesday,16.1085,3.9085,Overcast,0.0,0.0,0,15,Spring,0
2022-04-14,2.8153942492146014,2022,4,14,04-14,Thursday,14.908501,9.6085005,Light rain,0.0,2.3999999,0,15,Spring,1
2022-04-15,-1.4537139262906638,2022,4,15,04-15,Friday,9.6085005,3.3085,Moderate drizzle,0.0,0.5,0,15,Spring,0
2022-04-16,-0.21311838810964642,2022,4,16,04-16,Saturday,12.5085,1.8085,Overcast,0.0,0.0,0,15,Spring,0
2022-04-17,1.0274771500713709,2022,4,17,04-17,Sunday,14.7085,3.4085,Overcast,0.0,0.0,0,15,Spring,0
2022-04-18,-0.249606492173794,2022,4,18,04-18,Monday,15.3085,3.9085,Overcast,0.0,0.0,0,16,Spring,0
2022-04-19,-0.9793685734567453,2022,4,19,04-19,Tuesday,13.408501,4.7085,Overcast,0.0,0.0,0,16,Spring,0
2022-04-20,-0.20095568675493056,2022,4,20,04-20,Wednesday,14.7085,5.9084997,Light drizzle,0.0,0.2,0,16,Spring,0
2022-04-21,-1.0158566775208928,2022,4,21,04-21,Thursday,12.1085005,7.2085,Light drizzle,0.0,0.2,0,16,Spring,0
2022-04-22,0.042298340339386536,2022,4,22,04-22,Friday,13.5085,7.5084996,Light drizzle,0.0,0.0,0,16,Spring,0
2022-04-23,-0.16750825802946195,2022,4,23,04-23,Saturday,17.4085,5.8085,Overcast,0.0,0.0,0,16,Spring,0
2022-04-24,-1.6118290439019698,2022,4,24,04-24,Sunday,16.508501,7.1085,Moderate drizzle,0.0,0.0,0,16,Spring,0
2022-04-25,-1.344249614098221,2022,4,25,04-25,Monday,14.0085,5.0084996,Overcast,0.0,0.0,0,17,Spring,0
2022-04-26,-0.505023220622827,2022,4,26,04-26,Tuesday,16.9085,6.1085,Overcast,0.0,0.0,0,17,Spring,0
2022-04-27,-1.1982971978416308,2022,4,27,04-27,Wednesday,17.2085,7.4084997,Overcast,0.0,0.0,0,17,Spring,0
2022-04-28,-0.9793685734567453,2022,4,28,04-28,Thursday,17.1085,7.4084997,Overcast,0.0,0.0,0,17,Spring,0
2022-04-29,-0.833416157200155,2022,4,29,04-29,Friday,19.3085,7.3085,Overcast,0.0,0.0,1,17,Spring,0
2022-04-30,1.1278194362477767,2022,4,30,04-30,Saturday,18.6085,9.5085,Light drizzle,0.0,0.0,0,17,Spring,0
2022-05-01,-0.10365407591720373,2022,5,1,05-01,Sunday,16.7085,7.5084996,Light drizzle,0.0,0.0,0,17,Spring,0
2022-05-02,0.9180128378789282,2022,5,2,05-02,Monday,18.4085,9.0085,Overcast,0.0,0.0,0,18,Spring,0
2022-05-03,0.014932262291275865,2022,5,3,05-03,Tuesday,18.1085,9.1085005,Overcast,0.0,0.0,1,18,Spring,0
2022-05-04,-0.2587285181898309,2022,5,4,05-04,Wednesday,19.6085,9.6085005,Moderate drizzle,0.0,0.0,1,18,Spring,0
2022-05-05,0.2703489907403088,2022,5,5,05-05,Thursday,18.7085,10.408501,Dense drizzle,0.0,1.6,1,18,Spring,0
2022-05-06,-0.5415113246869745,2022,5,6,05-06,Friday,18.6085,8.8085,Light drizzle,0.0,0.1,1,18,Spring,0
2022-05-07,0.33420317285256707,2022,5,7,05-07,Saturday,21.8085,12.5085,Dense drizzle,0.0,0.100000024,0,18,Spring,0
2022-05-08,-0.35298945368887874,2022,5,8,05-08,Sunday,18.9085,9.0085,Overcast,0.0,0.0,0,18,Spring,0
2022-05-09,0.128957587491737,2022,5,9,05-09,Monday,21.008501,8.0085,Partly cloudy,0.0,0.0,0,19,Spring,0
2022-05-10,3.107299081727782,2022,5,10,05-10,Tuesday,25.4085,11.2085,Overcast,0.0,0.0,0,19,Spring,1
2022-05-11,-1.4172258222265162,2022,5,11,05-11,Wednesday,27.4085,16.4085,Rain showers,0.0,1.0999999,0,19,Spring,0
2022-05-12,-0.7239518450077124,2022,5,12,05-12,Thursday,19.4085,12.6085005,Moderate drizzle,0.0,0.0,0,19,Spring,0
2022-05-13,0.15176265253182925,2022,5,13,05-13,Friday,19.2085,11.0085,Light drizzle,0.0,0.0,0,19,Spring,0
2022-05-14,-0.48677916859075315,2022,5,14,05-14,Saturday,18.6085,10.3085,Light drizzle,0.0,0.0,0,19,Spring,0
2022-05-15,-0.22041600892247593,2022,5,15,05-15,Sunday,21.6085,9.0085,Overcast,0.0,0.0,0,19,Spring,0
2022-05-16,-0.012433815756834811,2022,5,16,05-16,Monday,24.6085,11.1085005,Light drizzle,0.0,0.0,0,20,Spring,0
2022-05-17,-0.9793685734567453,2022,5,17,05-17,Tuesday,19.6085,12.3085,Moderate rain showers,0.0,14.5,0,20,Spring,0
2022-05-18,0.6625961094298952,2022,5,18,05-18,Wednesday,24.008501,9.908501,Overcast,0.0,0.0,0,20,Spring,0
2022-05-19,-1.0523447815850404,2022,5,19,05-19,Thursday,27.8085,15.1085005,Light drizzle,0.0,0.0,0,20,Spring,0
2022-05-20,-1.0705888336171143,2022,5,20,05-20,Friday,24.3085,16.1085,Moderate rain showers,0.0,5.5,0,20,Spring,0
2022-05-21,0.0787864444035341,2022,5,21,05-21,Saturday,18.1085,11.1085005,Light drizzle,0.0,0.0,0,20,Spring,0
2022-05-22,2.2315845841882407,2022,5,22,05-22,Sunday,18.008501,9.2085,Overcast,0.0,0.0,0,20,Spring,1
2022-05-23,-1.5631782384831063,2022,5,23,05-23,Monday,22.508501,10.6085005,Overcast,0.0,0.0,0,21,Spring,0
2022-05-24,0.8085485256864854,2022,5,24,05-24,Tuesday,20.4085,12.8085,Rain showers,0.0,5.9999995,0,21,Spring,0
2022-05-25,-0.06716597185305616,2022,5,25,05-25,Wednesday,20.6085,11.408501,Moderate drizzle,0.0,0.0,0,21,Spring,0
2022-05-26,-0.663138338234133,2022,5,26,05-26,Thursday,21.3085,12.7085,Light drizzle,0.0,0.2,0,21,Spring,0
2022-05-27,0.4923182904638732,2022,5,27,05-27,Friday,18.8085,10.0085,Rain showers,0.0,3.5,0,21,Spring,0
2022-05-28,-0.5415113246869745,2022,5,28,05-28,Saturday,16.1085,8.5085,Light drizzle,0.0,0.0,0,21,Spring,0
2022-05-29,-1.1982971978416308,2022,5,29,05-29,Sunday,15.6085005,7.3085,Light drizzle,0.0,0.0,0,21,Spring,0
2022-05-30,0.2612269647242719,2022,5,30,05-30,Monday,14.7085,7.7085,Moderate drizzle,0.0,0.0,0,22,Spring,0
2022-05-31,-0.39555890843038427,2022,5,31,05-31,Tuesday,19.3085,8.0085,Light drizzle,0.0,0.0,0,22,Spring,0
2022-06-01,-1.1253209897133356,2022,6,1,06-01,Wednesday,19.2085,10.408501,Light drizzle,0.0,0.0,0,22,Summer,0
2022-06-02,-0.833416157200155,2022,6,2,06-02,Thursday,19.6085,9.1085005,Light drizzle,0.0,0.0,0,22,Summer,0
2022-06-04,-1.7091306547396967,2022,6,4,06-04,Saturday,24.7085,13.8085,Light drizzle,0.0,0.0,0,22,Summer,0
2022-06-05,-1.2712734059699258,2022,6,5,06-05,Sunday,27.7085,11.8085,Light drizzle,0.0,0.0,0,22,Summer,0
2022-06-06,-0.505023220622827,2022,6,6,06-06,Monday,24.8085,16.4085,Moderate rain showers,0.0,4.7,0,23,Summer,0
2022-06-07,-0.4502910645266056,2022,6,7,06-07,Tuesday,23.6085,14.6085005,Light drizzle,0.0,0.0,0,23,Summer,0
2022-06-08,0.042298340339386536,2022,6,8,06-08,Wednesday,24.8085,15.5085,Moderate drizzle,0.0,0.0,0,23,Summer,0
2022-06-09,-0.10365407591720373,2022,6,9,06-09,Thursday,23.3085,14.408501,Light drizzle,0.0,0.0,0,23,Summer,0
2022-06-10,-0.9307177680378819,2022,6,10,06-10,Friday,24.4085,13.0585,Overcast,0.0,0.0,0,23,Summer,0
2022-06-11,0.6504334080751794,2022,6,11,06-11,Saturday,26.2085,17.6085,Overcast,0.0,0.0,0,23,Summer,0
2022-06-12,2.7424180410863066,2022,6,12,06-12,Sunday,25.7085,17.008501,Moderate drizzle,0.0,0.2,0,23,Summer,1
2022-06-13,-1.1618090937774832,2022,6,13,06-13,Monday,20.7085,12.1085005,Light drizzle,0.0,0.0,0,24,Summer,0
2022-06-14,-1.6361544466114015,2022,6,14,06-14,Tuesday,20.2085,9.8085,Overcast,0.0,0.0,0,24,Summer,0
2022-06-15,1.1369414622638134,2022,6,15,06-15,Wednesday,26.008501,12.7085,Overcast,0.0,0.0,0,24,Summer,0
2022-06-16,-0.39555890843038427,2022,6,16,06-16,Thursday,25.1085,15.0085,Overcast,0.0,0.0,0,24,Summer,0
2022-06-17,2.1586083760599455,2022,6,17,06-17,Friday,25.7085,13.3085,Overcast,0.0,0.0,0,24,Summer,1
2022-06-18,-0.8455788585548709,2022,6,18,06-18,Saturday,33.408497,19.1085,Overcast,0.0,0.0,0,24,Summer,0
2022-06-19,0.28555236743370366,2022,6,19,06-19,Sunday,36.108498,15.7085,Light drizzle,0.0,0.0,0,24,Summer,0
2022-06-20,-0.7847653517812916,2022,6,20,06-20,Monday,19.1085,12.3085,Light rain,0.0,4.3,0,25,Summer,0
2022-06-22,-0.34082675233416293,2022,6,22,06-22,Wednesday,27.4085,15.408501,Overcast,0.0,0.0,0,25,Summer,0
2022-06-24,-0.06716597185305616,2022,6,24,06-24,Friday,32.0085,19.8085,Dense drizzle,0.0,0.5,0,25,Summer,0
2022-06-25,-0.2569041129866235,2022,6,25,06-25,Saturday,27.2085,19.6085,Rain showers,0.0,0.1,0,25,Summer,0
2022-06-26,-0.6418536108633803,2022,6,26,06-26,Sunday,31.508501,19.4085,Moderate drizzle,0.0,0.0,0,25,Summer,0
2022-06-27,0.4071793809808622,2022,6,27,06-27,Monday,34.7085,19.7085,Rain showers,0.0,0.0,0,26,Summer,0
2022-06-28,-0.15230488133606715,2022,6,28,06-28,Tuesday,25.2085,17.4085,Moderate drizzle,0.0,0.40000004,0,26,Summer,0
2022-06-29,2.0856321679316503,2022,6,29,06-29,Wednesday,26.1085,16.8085,Overcast,0.0,0.0,0,26,Summer,1
2022-06-30,0.709509386083799,2022,6,30,06-30,Thursday,27.7085,18.4085,Overcast,0.0,0.0,0,26,Summer,0
2022-07-01,-0.1985231464839874,2022,7,1,07-01,Friday,24.2085,14.908501,Rain showers,0.0,0.0,0,26,Summer,0
2022-07-02,-0.7665212997492179,2022,7,2,07-02,Saturday,26.6085,13.908501,Partly cloudy,0.0,0.0,0,26,Summer,0
2022-07-03,-0.8820669626190185,2022,7,3,07-03,Sunday,29.7085,17.6085,Light drizzle,0.0,0.0,0,26,Summer,0
2022-07-04,-0.1310201539653144,2022,7,4,07-04,Monday,25.508501,17.008501,Light drizzle,0.0,0.0,0,27,Summer,0
2022-07-05,0.18825075659597681,2022,7,5,07-05,Tuesday,23.8085,16.6085,Overcast,0.0,0.0,0,27,Summer,0
2022-07-06,-1.6361544466114015,2022,7,6,07-06,Wednesday,19.6085,14.408501,Light drizzle,0.0,0.0,0,27,Summer,0
2022-07-07,0.9180128378789282,2022,7,7,07-07,Thursday,19.9085,12.5085,Moderate rain,0.0,6.9,0,27,Summer,0
2022-07-08,-0.3590708043662367,2022,7,8,07-08,Friday,22.008501,12.5085,Light drizzle,0.0,0.0,0,27,Summer,0
2022-07-09,-1.344249614098221,2022,7,9,07-09,Saturday,21.3085,11.8085,Light drizzle,0.0,0.0,0,27,Summer,0
2022-07-10,0.36156925090067776,2022,7,10,07-10,Sunday,21.508501,12.3085,Overcast,0.0,0.0,0,27,Summer,0
2022-07-11,3.4721801223692577,2022,7,11,07-11,Monday,21.008501,11.408501,Overcast,0.0,0.0,0,28,Summer,1
2022-07-12,0.9545009419430757,2022,7,12,07-12,Tuesday,26.4085,13.1085005,Overcast,0.0,0.0,0,28,Summer,0
2022-07-13,0.18825075659597681,2022,7,13,07-13,Wednesday,29.8085,17.008501,Overcast,0.0,0.0,0,28,Summer,0
2022-07-14,1.26464982648833,2022,7,14,07-14,Thursday,24.4085,14.7085,Overcast,0.0,0.0,0,28,Summer,0
2022-07-15,-1.1253209897133356,2022,7,15,07-15,Friday,19.7085,12.3085,Overcast,0.0,0.0,1,28,Summer,0
2022-07-16,-0.7847653517812916,2022,7,16,07-16,Saturday,22.1085,13.8085,Dense drizzle,0.0,1.5,0,28,Summer,0
2022-07-17,-0.4229249864784949,2022,7,17,07-17,Sunday,23.3085,11.0085,Overcast,0.0,0.0,0,28,Summer,0
2022-07-18,0.46191153707708354,2022,7,18,07-18,Monday,29.1085,16.0085,Overcast,0.0,0.0,0,29,Summer,0
2022-07-19,-0.23744379081907813,2022,7,19,07-19,Tuesday,35.3085,19.8085,Overcast,0.0,0.0,0,29,Summer,0
2022-07-20,-0.6874637409435648,2022,7,20,07-20,Wednesday,37.408497,22.8085,Overcast,0.0,0.0,1,29,Summer,0
2022-07-21,-0.6144875328152697,2022,7,21,07-21,Thursday,29.508501,20.9085,Moderate rain,0.0,5.7,1,29,Summer,0
2022-07-22,-1.4719579783227374,2022,7,22,07-22,Friday,24.7085,18.2085,Light drizzle,0.0,0.0,0,29,Summer,0
2022-07-23,-0.5415113246869745,2022,7,23,07-23,Saturday,25.1085,14.908501,Moderate drizzle,0.0,0.19999999,0,29,Summer,0
2022-07-24,0.6990842134940427,2022,7,24,07-24,Sunday,27.6085,13.7085,Overcast,0.0,0.0,0,29,Summer,0
2022-07-25,0.2612269647242719,2022,7,25,07-25,Monday,35.7085,19.9085,Moderate rain showers,0.0,1.0999999,0,30,Summer,0
2022-07-26,0.5774571999468842,2022,7,26,07-26,Tuesday,23.7085,15.3085,Moderate drizzle,0.0,0.1,0,30,Summer,0
2022-07-27,-0.5415113246869745,2022,7,27,07-27,Wednesday,22.4085,12.7085,Overcast,0.0,0.0,0,30,Summer,0
2022-07-29,-0.7239518450077124,2022,7,29,07-29,Friday,28.008501,15.6085005,Overcast,0.0,0.0,0,30,Summer,0
2022-07-30,-0.5536740260416904,2022,7,30,07-30,Saturday,26.508501,18.8085,Overcast,0.0,0.0,0,30,Summer,0
2022-07-31,-0.030677867788908592,2022,7,31,07-31,Sunday,27.6085,17.3085,Overcast,0.0,0.0,0,30,Summer,0
2022-08-01,-0.17663028404549885,2022,8,1,08-01,Monday,24.9085,18.008501,Moderate drizzle,0.0,0.0,0,31,Summer,0
2022-08-02,-0.3469081030115208,2022,8,2,08-02,Tuesday,27.6085,15.658501,Overcast,0.0,0.0,0,31,Summer,0
2022-08-03,-1.2895174580019997,2022,8,3,08-03,Wednesday,33.108498,20.4085,Overcast,0.0,0.0,0,31,Summer,0
2022-08-04,-0.7239518450077124,2022,8,4,08-04,Thursday,36.2085,23.6085,Overcast,0.0,0.0,0,31,Summer,0
2022-08-05,0.34636587420728293,2022,8,5,08-05,Friday,28.7085,16.4085,Moderate drizzle,0.0,0.0,0,31,Summer,0
2022-08-06,-1.4172258222265162,2022,8,6,08-06,Saturday,23.008501,13.408501,Overcast,0.0,0.0,0,31,Summer,0
2022-08-07,-0.39555890843038427,2022,8,7,08-07,Sunday,25.4085,15.0085,Overcast,0.0,0.0,0,31,Summer,0
2022-08-08,0.11527454846768168,2022,8,8,08-08,Monday,27.9085,16.6085,Overcast,0.0,0.0,0,32,Summer,0
2022-08-09,0.5531317972374524,2022,8,9,08-09,Tuesday,27.6085,18.3085,Overcast,0.0,0.0,0,32,Summer,0
2022-08-10,-0.6801661201307353,2022,8,10,08-10,Wednesday,28.6085,16.0085,Overcast,0.0,0.0,0,32,Summer,0
2022-08-12,1.611286815097732,2022,8,12,08-12,Friday,29.7085,19.008501,Partly cloudy,0.0,0.0,1,32,Summer,1
2022-08-13,-0.11277610193324061,2022,8,13,08-13,Saturday,27.3085,20.3085,Moderate drizzle,0.0,0.0,0,32,Summer,0
2022-08-14,0.33420317285256707,2022,8,14,08-14,Sunday,31.7085,20.2085,Moderate drizzle,0.0,0.0,0,32,Summer,0
2022-08-15,-0.43934463330736134,2022,8,15,08-15,Monday,31.1085,20.508501,Moderate drizzle,0.0,0.0,0,33,Summer,0
2022-08-16,0.11527454846768168,2022,8,16,08-16,Tuesday,30.4085,19.8085,Overcast,0.0,0.0,0,33,Summer,0
2022-08-17,-0.505023220622827,2022,8,17,08-17,Wednesday,33.2085,21.8085,Overcast,0.0,0.0,0,33,Summer,0
2022-08-18,-1.1982971978416308,2022,8,18,08-18,Thursday,33.608498,20.8085,Light drizzle,0.0,0.4,0,33,Summer,0
2022-08-19,-1.5631782384831063,2022,8,19,08-19,Friday,24.9085,19.7085,Rain showers,0.0,2.6,0,33,Summer,0
2022-08-20,0.09094914575824996,2022,8,20,08-20,Saturday,19.9085,18.508501,Dense drizzle,0.0,3.3,0,33,Summer,0
2022-08-21,-0.833416157200155,2022,8,21,08-21,Sunday,24.508501,16.2085,Overcast,0.0,0.0,0,33,Summer,0
2022-08-22,0.6771913510555542,2022,8,22,08-22,Monday,24.6085,17.4085,Overcast,0.0,0.0,0,34,Summer,0
2022-08-23,0.18825075659597681,2022,8,23,08-23,Tuesday,25.508501,17.3085,Overcast,0.0,0.0,0,34,Summer,0
2022-08-24,-0.32258270030208913,2022,8,24,08-24,Wednesday,27.4085,17.6085,Light drizzle,0.0,0.0,0,34,Summer,0
2022-08-25,-0.9063923653284501,2022,8,25,08-25,Thursday,27.9085,19.508501,Overcast,0.0,0.0,0,34,Summer,0
2022-08-26,0.8328739283959171,2022,8,26,08-26,Friday,31.3085,20.1085,Rain showers,0.0,0.099999994,0,34,Summer,0
2022-08-27,-0.818820915574496,2022,8,27,08-27,Saturday,24.4085,18.6085,Moderate drizzle,0.0,0.0,0,34,Summer,0
2022-08-28,1.1186974102317397,2022,8,28,08-28,Sunday,23.1085,15.408501,Overcast,0.0,0.0,0,34,Summer,0
2022-08-30,0.33420317285256707,2022,8,30,08-30,Tuesday,20.008501,16.1085,Light drizzle,0.0,0.0,0,35,Summer,0
2022-08-31,-0.9063923653284501,2022,8,31,08-31,Wednesday,22.2085,13.408501,Overcast,0.0,0.0,0,35,Summer,0
2022-09-01,1.428846294776994,2022,9,1,09-01,Thursday,21.8085,14.3085,Overcast,0.0,0.0,0,35,Autumn,1
2022-09-03,-0.669219688911491,2022,9,3,09-03,Saturday,22.8085,13.408501,Overcast,0.0,0.0,0,35,Autumn,0
2022-09-04,0.845036629750633,2022,9,4,09-04,Sunday,24.008501,14.5085,Overcast,0.0,0.0,0,35,Autumn,0
2022-09-05,-0.2982572975926574,2022,9,5,09-05,Monday,24.2085,15.1085005,Overcast,0.0,0.0,0,36,Autumn,0
2022-09-06,0.042298340339386536,2022,9,6,09-06,Tuesday,21.8085,14.0085,Overcast,0.0,0.0,0,36,Autumn,0
2022-09-07,0.28555236743370366,2022,9,7,09-07,Wednesday,26.8085,15.2085,Rain showers,0.0,0.0,0,36,Autumn,0
2022-09-08,0.4071793809808622,2022,9,8,09-08,Thursday,17.9085,15.1085005,Moderate rain showers,0.0,9.900001,0,36,Autumn,0
2022-09-09,-1.173971795132199,2022,9,9,09-09,Friday,23.8085,13.908501,Overcast,0.0,0.0,0,36,Autumn,0
2022-09-10,-1.6361544466114015,2022,9,10,09-10,Saturday,21.6085,14.408501,Moderate drizzle,0.0,0.0,0,36,Autumn,0
2022-09-11,-1.097954911665225,2022,9,11,09-11,Sunday,20.008501,13.3085,Light drizzle,0.0,0.0,0,36,Autumn,0
2022-09-12,0.09703049643560789,2022,9,12,09-12,Monday,21.8085,12.408501,Overcast,0.0,0.0,0,37,Autumn,0
2022-09-14,0.4217746226065212,2022,9,14,09-14,Wednesday,19.8085,12.5085,Overcast,0.0,0.0,0,37,Autumn,0
2022-09-15,-0.3469081030115208,2022,9,15,09-15,Thursday,18.8085,12.2085,Light drizzle,0.0,0.0,1,37,Autumn,0
2022-09-16,-1.4902020303548111,2022,9,16,09-16,Friday,17.7085,10.5085,Light rain,0.0,2.2,1,37,Autumn,0
2022-09-17,1.0639652541355185,2022,9,17,09-17,Saturday,15.908501,8.908501,Light drizzle,0.0,0.0,0,37,Autumn,0
2022-09-18,-0.055003270498340306,2022,9,18,09-18,Sunday,14.6085005,8.7085,Moderate drizzle,0.0,0.8,0,37,Autumn,0
2022-09-19,-1.0158566775208928,2022,9,19,09-19,Monday,16.0085,9.1085005,Dense drizzle,0.0,0.0,0,38,Autumn,0
2022-09-20,2.6451164302485797,2022,9,20,09-20,Tuesday,15.8085,8.3085,Moderate drizzle,0.0,0.0,0,38,Autumn,1
2022-09-21,0.08399903069841225,2022,9,21,09-21,Wednesday,17.2085,8.1085005,Light drizzle,0.0,0.0,1,38,Autumn,0
2022-09-22,-0.32258270030208913,2022,9,22,09-22,Thursday,16.7085,8.5085,Overcast,0.0,0.0,1,38,Autumn,0
2022-09-23,-1.8550830709962869,2022,9,23,09-23,Friday,17.008501,9.0085,Overcast,0.0,0.0,1,38,Autumn,0
2022-09-24,0.042298340339386536,2022,9,24,09-24,Saturday,17.008501,12.3085,Overcast,0.0,0.0,0,38,Autumn,0
2022-09-25,-0.6509756368794172,2022,9,25,09-25,Sunday,17.7085,10.908501,Moderate drizzle,0.0,0.3,0,38,Autumn,0
2022-09-27,-0.6509756368794172,2022,9,27,09-27,Tuesday,14.3085,9.2085,Moderate drizzle,0.0,1.6999999,0,39,Autumn,0
2022-09-28,-1.0523447815850404,2022,9,28,09-28,Wednesday,13.2085,8.1085005,Light drizzle,0.0,0.0,0,39,Autumn,0
2022-09-29,-1.1982971978416308,2022,9,29,09-29,Thursday,14.5085,8.5085,Light drizzle,0.0,0.0,0,39,Autumn,0
2022-09-30,0.9180128378789282,2022,9,30,09-30,Friday,17.1085,8.408501,Partly cloudy,0.0,0.0,0,39,Autumn,0
2022-10-01,0.0787864444035341,2022,10,1,10-01,Saturday,13.7085,10.3085,Light rain,0.0,3.4999998,0,39,Autumn,0
2022-10-02,-0.48677916859075315,2022,10,2,10-02,Sunday,16.0085,10.408501,Moderate drizzle,0.0,0.0,0,39,Autumn,0
2022-10-03,-0.4229249864784949,2022,10,3,10-03,Monday,17.008501,10.3085,Light drizzle,0.0,0.1,0,40,Autumn,0
2022-10-04,0.5531317972374524,2022,10,4,10-04,Tuesday,18.1085,10.7085,Overcast,0.0,0.0,0,40,Autumn,0
2022-10-05,-0.833416157200155,2022,10,5,10-05,Wednesday,19.8085,11.408501,Overcast,0.0,0.0,0,40,Autumn,0
2022-10-06,-1.4172258222265162,2022,10,6,10-06,Thursday,18.2085,11.7085,Overcast,0.0,0.0,0,40,Autumn,0
2022-10-07,0.4071793809808622,2022,10,7,10-07,Friday,18.008501,9.908501,Overcast,0.0,0.0,0,40,Autumn,0
2022-10-08,0.48015558910915734,2022,10,8,10-08,Saturday,16.0085,9.5585,Light drizzle,0.0,0.0,0,40,Autumn,0
2022-10-09,1.1369414622638134,2022,10,9,10-09,Sunday,15.8085,7.6584997,Partly cloudy,0.0,0.0,0,40,Autumn,0
2022-10-10,-0.249606492173794,2022,10,10,10-10,Monday,18.1085,8.3585005,Overcast,0.0,0.0,0,41,Autumn,0
2022-10-11,0.3570082378926593,2022,10,11,10-11,Tuesday,15.3085,8.3085,Overcast,0.0,0.0,0,41,Autumn,0
2022-10-12,0.33420317285256707,2022,10,12,10-12,Wednesday,15.7085,8.4585,Mainly clear,0.0,0.0,1,41,Autumn,0
2022-10-13,-0.2739318948832257,2022,10,13,10-13,Thursday,16.9085,9.0085,Overcast,0.0,0.0,1,41,Autumn,0
2022-10-14,1.3193819825845514,2022,10,14,10-14,Friday,17.0585,10.1085005,Light drizzle,0.0,0.0,1,41,Autumn,0
2022-10-15,0.042298340339386536,2022,10,15,10-15,Saturday,18.3085,12.908501,Moderate drizzle,0.0,1.3000001,0,41,Autumn,0
2022-10-16,-0.10365407591720373,2022,10,16,10-16,Sunday,20.7085,14.0085,Light drizzle,0.0,0.2,0,41,Autumn,0
2022-10-17,-0.22224041412568332,2022,10,17,10-17,Monday,24.758501,14.2085,Overcast,0.0,0.0,0,42,Autumn,0
2022-10-18,0.34636587420728293,2022,10,18,10-18,Tuesday,16.7085,10.3085,Moderate rain,0.0,10.8,0,42,Autumn,0
2022-10-19,-0.4685351165586794,2022,10,19,10-19,Wednesday,14.2585,8.1085005,Overcast,0.0,0.0,0,42,Autumn,0
2022-10-20,-0.7786840011039337,2022,10,20,10-20,Thursday,14.4585,6.4585,Overcast,0.0,0.0,0,42,Autumn,0
2022-10-21,0.18825075659597681,2022,10,21,10-21,Friday,15.6085005,8.8085,Moderate drizzle,0.0,1.6,0,42,Autumn,0
2022-10-22,0.15176265253182925,2022,10,22,10-22,Saturday,18.4585,12.5585,Rain showers,0.0,0.49999997,0,42,Autumn,0
2022-10-23,-0.6874637409435648,2022,10,23,10-23,Sunday,18.008501,11.6085005,Moderate rain showers,0.0,2.3,0,42,Autumn,0
2022-10-24,0.0787864444035341,2022,10,24,10-24,Monday,19.0585,13.1085005,Moderate rain,0.0,2.8,0,43,Autumn,0
2022-10-26,-1.186134496486915,2022,10,26,10-26,Wednesday,17.8085,10.158501,Overcast,0.0,0.0,0,43,Autumn,0
2022-10-27,0.4071793809808622,2022,10,27,10-27,Thursday,18.9585,12.1085005,Overcast,0.0,0.0,0,43,Autumn,0
2022-10-28,-0.6144875328152697,2022,10,28,10-28,Friday,22.258501,13.7585,Light drizzle,0.0,0.0,0,43,Autumn,0
2022-10-29,-0.5415113246869745,2022,10,29,10-29,Saturday,20.1085,14.908501,Overcast,0.0,0.0,0,43,Autumn,0
2022-10-30,-0.40468093444642117,2022,10,30,10-30,Sunday,21.8085,14.9585,Overcast,0.0,0.0,0,43,Autumn,0
2022-10-31,1.526147905614721,2022,10,31,10-31,Monday,18.3585,12.908501,Overcast,0.0,0.0,0,44,Autumn,1
2022-11-01,-0.833416157200155,2022,11,1,11-01,Tuesday,18.758501,12.2085,Light drizzle,0.0,0.0,0,44,Autumn,0
2022-11-02,0.21744123984729485,2022,11,2,11-02,Wednesday,15.658501,9.7085,Overcast,0.0,0.0,0,44,Autumn,0
2022-11-03,0.5531317972374524,2022,11,3,11-03,Thursday,13.1085005,8.6085005,Overcast,0.0,0.0,1,44,Autumn,0
2022-11-04,-0.10365407591720373,2022,11,4,11-04,Friday,11.7585,9.2585,Dense drizzle,0.0,3.1,1,44,Autumn,0
2022-11-05,-0.29339221705077106,2022,11,5,11-05,Saturday,11.7585,7.6085,Light drizzle,0.0,0.2,0,44,Autumn,0
2022-11-06,0.845036629750633,2022,11,6,11-06,Sunday,11.8585005,6.5084996,Overcast,0.0,0.0,0,44,Autumn,0
2022-11-07,0.9180128378789282,2022,11,7,11-07,Monday,14.5585,8.158501,Overcast,0.0,0.0,0,45,Autumn,0
2022-11-08,-0.030677867788908592,2022,11,8,11-08,Tuesday,15.6085005,10.0085,Overcast,0.0,0.0,0,45,Autumn,0
2022-11-09,-1.8550830709962869,2022,11,9,11-09,Wednesday,15.0585,12.2085,Overcast,0.0,0.0,0,45,Autumn,0
2022-11-10,0.0787864444035341,2022,11,10,11-10,Thursday,14.1085005,9.8585005,Overcast,0.0,0.0,0,45,Autumn,0
2022-11-11,-0.17663028404549885,2022,11,11,11-11,Friday,13.7585,9.5085,Overcast,0.0,0.0,0,45,Autumn,0
2022-11-12,-0.76043994907186,2022,11,12,11-12,Saturday,13.0085,7.9585,Overcast,0.0,0.0,0,45,Autumn,0
2022-11-13,1.611286815097732,2022,11,13,11-13,Sunday,11.7085,6.3455,Overcast,0.0,0.0,0,45,Autumn,1
2022-11-14,-1.180053145809557,2022,11,14,11-14,Monday,10.4955,5.1955,Overcast,0.0,0.0,0,46,Autumn,0
2022-11-15,0.5531317972374524,2022,11,15,11-15,Tuesday,12.1455,3.9455001,Overcast,0.0,0.0,0,46,Autumn,0
2022-11-16,-1.1253209897133356,2022,11,16,11-16,Wednesday,6.6955,4.4954996,Light rain,0.0,0.4,0,46,Autumn,0
2022-11-17,0.2977150687884195,2022,11,17,11-17,Thursday,4.9455,1.2955,Light rain,0.07,1.6,0,46,Autumn,0
2022-11-18,-0.10365407591720373,2022,11,18,11-18,Friday,1.1955,-3.3545,Light snow,0.0,0.3,0,46,Autumn,0
2022-11-19,2.3775370004448306,2022,11,19,11-19,Saturday,0.19550002,-5.2045,Light snow,0.77,0.0,0,46,Autumn,1
2022-11-20,-1.2712734059699258,2022,11,20,11-20,Sunday,0.74549997,-1.3045,Overcast,0.42000002,0.0,0,46,Autumn,0
2022-11-21,-1.2712734059699258,2022,11,21,11-21,Monday,0.69549996,-2.7045,Light snow,0.07,0.0,0,47,Autumn,0
2022-11-22,1.5018225029052892,2022,11,22,11-22,Tuesday,1.0455,-2.7045,Overcast,0.0,0.0,0,47,Autumn,1
2022-11-23,-0.2313624401417202,2022,11,23,11-23,Wednesday,5.9954996,0.34550002,Overcast,0.0,0.0,1,47,Autumn,0
2022-11-24,-0.20095568675493056,2022,11,24,11-24,Thursday,4.3455,0.4955,Moderate drizzle,0.0,0.0,1,47,Autumn,0
2022-11-25,-0.055003270498340306,2022,11,25,11-25,Friday,6.5455,2.7955,Light rain,0.0,2.9,0,47,Autumn,0
2022-11-26,0.4071793809808622,2022,11,26,11-26,Saturday,7.9455,6.1454997,Rain showers,0.0,0.0,0,47,Autumn,0
2022-11-27,0.09703049643560789,2022,11,27,11-27,Sunday,7.0955,3.0455,Fog,0.0,0.0,0,47,Autumn,0
2022-11-28,-0.5597553767190483,2022,11,28,11-28,Monday,5.2955,2.7955,Overcast,0.0,0.0,0,48,Autumn,0
2022-11-29,2.073469466576934,2022,11,29,11-29,Tuesday,4.7955,2.4455001,Light rain,0.0,0.1,0,48,Autumn,1
2022-11-30,-0.3590708043662367,2022,11,30,11-30,Wednesday,4.1454997,0.74549997,Overcast,0.0,0.0,0,48,Autumn,0
2022-12-01,0.28555236743370366,2022,12,1,12-01,Thursday,1.1455001,0.045500003,Light snow,0.28,0.0,0,48,Winter,0
2022-12-02,1.6234495164524478,2022,12,2,12-02,Friday,1.4455,-1.1044999,Light snow,0.14,0.0,0,48,Winter,1
2022-12-03,-0.663138338234133,2022,12,3,12-03,Saturday,-0.7045,-2.0045,Light snow,0.63,0.0,0,48,Winter,0
2022-12-04,0.575024659675941,2022,12,4,12-04,Sunday,2.4455001,-0.50450003,Overcast,0.0,0.0,0,48,Winter,0
2022-12-05,-0.833416157200155,2022,12,5,12-05,Monday,3.6955001,2.4455001,Light rain,0.0,2.4999995,0,49,Winter,0
2022-12-07,-0.6753010395888489,2022,12,7,12-07,Wednesday,3.6455,0.4955,Overcast,0.28,0.4,0,49,Winter,0
2022-12-08,1.7937273354184697,2022,12,8,12-08,Thursday,3.1955001,-0.30449998,Rain showers,0.35000002,1.2,0,49,Winter,1
2022-12-09,-0.5852970495639516,2022,12,9,12-09,Friday,-0.4545,-2.3545,Rime fog,0.0,0.0,0,49,Winter,0
2022-12-10,-1.3685750168076527,2022,12,10,12-10,Saturday,-0.50450003,-2.6045,Light snow,0.0,0.0,0,49,Winter,0
2022-12-11,2.3775370004448306,2022,12,11,12-11,Sunday,-1.3045,-2.6045,Light snow,0.0,0.0,0,49,Winter,1
2022-12-12,-0.4928605192681111,2022,12,12,12-12,Monday,-0.9045,-2.0544999,Light snow,0.35000002,0.0,0,50,Winter,0
2022-12-13,0.5774571999468842,2022,12,13,12-13,Tuesday,-1.3045,-5.4045,Overcast,0.0,0.0,0,50,Winter,0
2022-12-14,0.7866556632479969,2022,12,14,12-14,Wednesday,-3.1045,-8.054501,Overcast,0.0,0.0,0,50,Winter,0
2022-12-15,-1.0280193788756087,2022,12,15,12-15,Thursday,-3.7045,-9.804501,Partly cloudy,0.0,0.0,0,50,Winter,0
2022-12-16,-1.4902020303548111,2022,12,16,12-16,Friday,-2.6545,-7.8545003,Light snow,0.07,0.0,0,50,Winter,0
2022-12-17,0.18825075659597681,2022,12,17,12-17,Saturday,-2.5045,-5.7545004,Rime fog,0.0,0.0,0,50,Winter,0
2022-12-18,-0.5415113246869745,2022,12,18,12-18,Sunday,-4.1045003,-6.6545,Rime fog,0.0,0.0,0,50,Winter,0
2022-12-19,-1.7091306547396967,2022,12,19,12-19,Monday,3.9455001,-4.9545,Overcast,0.0,3.1999998,0,51,Winter,0
2022-12-20,-1.2712734059699258,2022,12,20,12-20,Tuesday,7.1454997,3.5455,Rain showers,0.0,0.7,0,51,Winter,0
2022-12-21,1.2099176703921086,2022,12,21,12-21,Wednesday,6.7454996,4.7454996,Rain showers,0.0,2.3999999,0,51,Winter,0
2022-12-22,0.22473886066012436,2022,12,22,12-22,Thursday,8.0455,4.8954997,Rain showers,0.0,1.6,0,51,Winter,0
2022-12-23,0.33420317285256707,2022,12,23,12-23,Friday,7.4455,4.9455,Light rain,0.0,6.2999997,0,51,Winter,0
2022-12-24,-1.2712734059699258,2022,12,24,12-24,Saturday,7.6955,4.6955,Rain showers,0.0,4.2,0,51,Winter,0
2022-12-25,0.2320364814729539,2022,12,25,12-25,Sunday,7.7955,1.3955001,Thunderstorm,0.0,12.0,0,51,Winter,0
2022-12-26,0.9180128378789282,2022,12,26,12-26,Monday,10.5455,5.2454996,Light rain,0.0,0.0,0,52,Winter,0
2022-12-27,-0.23744379081907813,2022,12,27,12-27,Tuesday,5.6454997,2.1955001,Rain showers,0.0,0.0,0,52,Winter,0
2022-12-28,-0.8115232947616665,2022,12,28,12-28,Wednesday,7.9455,3.1955001,Light rain,0.0,2.6000001,0,52,Winter,0
2022-12-29,-0.30433864827001533,2022,12,29,12-29,Thursday,11.6455,7.6955,Rain showers,0.0,1.8,0,52,Winter,0
2022-12-30,-0.7239518450077124,2022,12,30,12-30,Friday,8.7955,5.1454997,Light rain,0.0,0.5,0,52,Winter,0
2022-12-31,1.7937273354184697,2022,12,31,12-31,Saturday,16.8955,8.945499,Rain showers,0.0,0.8,0,52,Winter,1
2023-01-01,1.93967975167506,2023,1,1,01-01,Sunday,15.945499,11.4955,Light rain,0.0,0.1,1,52,Winter,1
2023-01-02,0.30683709480445637,2023,1,2,01-02,Monday,14.695499,9.4955,Rain showers,0.0,0.4,0,1,Winter,0
2023-01-03,0.9253104586917577,2023,1,3,01-03,Tuesday,9.1455,2.6455,Overcast,0.0,0.0,0,1,Winter,0
2023-01-04,0.6808401614619689,2023,1,4,01-04,Wednesday,10.695499,3.3955,Moderate rain,0.0,11.1,0,1,Winter,0
2023-01-05,1.5456082277822663,2023,1,5,01-05,Thursday,9.9955,4.7454996,Rain showers,0.0,1.9,0,1,Winter,1
2023-01-06,0.8632806817827068,2023,1,6,01-06,Friday,10.1455,3.4955,Rain showers,0.0,0.6,0,1,Winter,0
2023-01-07,-1.3807377181623686,2023,1,7,01-07,Saturday,9.8455,5.5955,Overcast,0.0,0.0,0,1,Winter,0
2023-01-10,-0.6509756368794172,2023,1,10,01-10,Tuesday,7.5955,3.6955001,Rain showers,0.0,0.0,0,2,Winter,0
2023-01-11,-0.6327315848473435,2023,1,11,01-11,Wednesday,8.3455,4.0955,Moderate rain,0.0,8.1,0,2,Winter,0
2023-01-12,2.012655959803355,2023,1,12,01-12,Thursday,10.0455,5.6955,Rain showers,0.0,2.6,1,2,Winter,1
2023-01-13,0.9058501365242123,2023,1,13,01-13,Friday,9.6455,7.4455,Rain showers,0.0,1.3000001,1,2,Winter,0
2023-01-14,-0.3469081030115208,2023,1,14,01-14,Saturday,8.2955,6.5955,Rain showers,0.0,6.0,0,2,Winter,0
2023-01-15,-0.833416157200155,2023,1,15,01-15,Sunday,9.1455,5.1454997,Light rain,0.0,3.6000001,0,2,Winter,0
2023-01-16,0.6552984886170656,2023,1,16,01-16,Monday,6.9954996,2.8455,Rain showers,0.0,0.0,0,3,Winter,0
2023-01-17,0.18825075659597681,2023,1,17,01-17,Tuesday,4.4954996,-0.6045,Rain showers,0.0,0.2,0,3,Winter,0
2023-01-18,-0.5779994287511221,2023,1,18,01-18,Wednesday,2.5455,-3.0045,Fog,0.0,0.0,0,3,Winter,0
2023-01-19,0.845036629750633,2023,1,19,01-19,Thursday,0.99549997,-3.8545,Overcast,0.0,0.0,0,3,Winter,0
2023-01-20,0.3798133029327515,2023,1,20,01-20,Friday,1.5955,-0.9045,Fog,0.0,0.0,0,3,Winter,0
2023-01-21,0.2733896660789878,2023,1,21,01-21,Saturday,3.2955,-0.9545,Moderate snow,0.90999997,2.4999998,0,3,Winter,0
2023-01-22,0.18825075659597681,2023,1,22,01-22,Sunday,2.1455,0.8955,Light rain,0.07,0.6,0,3,Winter,0
2023-01-23,0.0787864444035341,2023,1,23,01-23,Monday,2.7955,0.2455,Light rain,0.0,0.0,0,4,Winter,0
2023-01-24,-0.76043994907186,2023,1,24,01-24,Tuesday,1.2955,-0.1045,Overcast,0.0,0.0,0,4,Winter,0
2023-01-25,-0.505023220622827,2023,1,25,01-25,Wednesday,2.3455,0.045500003,Overcast,0.0,0.0,0,4,Winter,0
2023-01-26,2.4018624031542624,2023,1,26,01-26,Thursday,-0.15450001,-0.9545,Overcast,0.0,0.0,0,4,Winter,1
2023-01-27,0.0787864444035341,2023,1,27,01-27,Friday,3.3455,-0.50450003,Overcast,0.0,0.0,0,4,Winter,0
2023-01-28,-0.5415113246869745,2023,1,28,01-28,Saturday,2.1955001,-0.9045,Overcast,0.0,0.0,0,4,Winter,0
2023-01-29,0.5531317972374524,2023,1,29,01-29,Sunday,3.0455,-0.9545,Light snow,0.0,0.0,0,4,Winter,0
2023-01-30,2.4140251045089784,2023,1,30,01-30,Monday,5.8455,1.1455001,Rain showers,0.0,2.4999998,0,5,Winter,1
2023-01-31,-0.6509756368794172,2023,1,31,01-31,Tuesday,5.7454996,2.3455,Rain showers,0.0,3.6,0,5,Winter,0
2023-02-01,0.30987777014313533,2023,2,1,02-01,Wednesday,5.6454997,2.4955,Rain showers,0.21000001,6.9,0,5,Winter,0
2023-02-02,-0.39555890843038427,2023,2,2,02-02,Thursday,6.0955,0.2455,Rain showers,0.0,0.7,0,5,Winter,0
2023-02-03,-0.16620511145574257,2023,2,3,02-03,Friday,8.2955,0.69549996,Rain showers,0.0,6.3,0,5,Winter,0
2023-02-04,0.9180128378789282,2023,2,4,02-04,Saturday,3.8455,-2.2545,Light rain,0.0,0.0,0,5,Winter,0
2023-02-05,0.2560143784293938,2023,2,5,02-05,Sunday,0.69549996,-3.9045,Overcast,0.0,0.0,0,5,Winter,0
2023-02-06,-0.7847653517812916,2023,2,6,02-06,Monday,0.09550001,-4.5045004,Overcast,0.0,0.0,0,6,Winter,0
2023-02-07,0.36339365610388513,2023,2,7,02-07,Tuesday,1.0955,-7.4045,Overcast,0.0,0.0,0,6,Winter,0
2023-02-08,0.18825075659597681,2023,2,8,02-08,Wednesday,1.4455,-5.9545,Mainly clear,0.0,0.0,0,6,Winter,0
2023-02-09,0.18825075659597681,2023,2,9,02-09,Thursday,2.7955,-4.7545004,Overcast,0.0,0.0,0,6,Winter,0
2023-02-10,0.2794710167563457,2023,2,10,02-10,Friday,5.3455,0.4955,Overcast,0.0,0.0,0,6,Winter,0
2023-02-11,-0.17663028404549885,2023,2,11,02-11,Saturday,7.2955,2.2455,Light rain,0.0,0.0,1,6,Winter,0
2023-02-12,-0.5415113246869745,2023,2,12,02-12,Sunday,8.695499,5.5455,Light rain,0.0,0.2,1,6,Winter,0
2023-02-13,0.33420317285256707,2023,2,13,02-13,Monday,7.5455,5.5955,Light rain,0.0,0.0,0,7,Winter,0
2023-02-14,-0.030677867788908592,2023,2,14,02-14,Tuesday,6.2955,2.8455,Overcast,0.0,0.0,0,7,Winter,0
2023-02-15,1.3315446839392673,2023,2,15,02-15,Wednesday,8.2955,-1.2045,Rime fog,0.0,0.0,0,7,Winter,0
2023-02-16,-0.41988431113981595,2023,2,16,02-16,Thursday,11.445499,0.045500003,Light rain,0.0,0.2,0,7,Winter,0
2023-02-17,0.13959995117711338,2023,2,17,02-17,Friday,12.445499,6.8455,Rain showers,0.0,3.4,0,7,Winter,0
2023-02-18,2.3775370004448306,2023,2,18,02-18,Saturday,10.195499,5.1454997,Rain showers,0.0,6.0,0,7,Winter,1
2023-02-19,0.18825075659597681,2023,2,19,02-19,Sunday,6.5955,2.2955,Light rain,0.0,0.5,0,7,Winter,0
2023-02-20,1.0639652541355185,2023,2,20,02-20,Monday,9.695499,2.0455,Light rain,0.0,0.6,0,8,Winter,0
2023-02-21,1.5018225029052892,2023,2,21,02-21,Tuesday,10.0455,6.3455,Light rain,0.0,0.4,0,8,Winter,1
2023-02-22,0.06662374304881825,2023,2,22,02-22,Wednesday,9.8455,4.6454997,Overcast,0.0,0.0,0,8,Winter,0
2023-02-23,0.8085485256864854,2023,2,23,02-23,Thursday,9.9955,2.4455001,Rain showers,0.0,0.90000004,1,8,Winter,0
2023-02-24,-0.048921919820982374,2023,2,24,02-24,Friday,6.4455,2.0455,Rain showers,0.0,1.1,1,8,Winter,0
2023-02-25,-0.21311838810964642,2023,2,25,02-25,Saturday,3.4455001,-0.2545,Rain showers,0.42,2.3999999,0,8,Winter,0
2023-02-26,-0.012433815756834811,2023,2,26,02-26,Sunday,3.4955,-1.3045,Overcast,0.0,0.0,0,8,Winter,0
2023-02-27,1.2342430731015404,2023,2,27,02-27,Monday,4.1454997,-2.8044999,Overcast,0.0,0.0,0,9,Winter,0
2023-02-28,-0.833416157200155,2023,2,28,02-28,Tuesday,5.2955,-2.3545,Overcast,0.0,0.0,0,9,Winter,0
2023-03-01,0.8231437673121444,2023,3,1,03-01,Wednesday,7.5455,-3.8545,Overcast,0.0,0.0,0,9,Spring,0
2023-03-02,0.042298340339386536,2023,3,2,03-02,Thursday,2.8455,-3.0544999,Rime fog,0.0,0.0,0,9,Spring,0
2023-03-03,-0.48677916859075315,2023,3,3,03-03,Friday,2.9955,-1.4045,Overcast,0.0,0.0,0,9,Spring,0
2023-03-04,0.845036629750633,2023,3,4,03-04,Saturday,6.3954997,2.0455,Light rain,0.0,0.1,0,9,Spring,0
2023-03-05,-1.2347853019057782,2023,3,5,03-05,Sunday,4.1454997,0.2455,Light snow,0.35000002,0.0,0,9,Spring,0
2023-03-06,1.0639652541355185,2023,3,6,03-06,Monday,2.9455001,-1.2544999,Overcast,0.7,0.1,0,10,Spring,0
2023-03-07,-1.1253209897133356,2023,3,7,03-07,Tuesday,4.3455,-1.5545,Moderate snow,0.35,1.3000001,0,10,Spring,0
2023-03-08,0.845036629750633,2023,3,8,03-08,Wednesday,3.6455,-0.30449998,Light snow,0.35,0.3,0,10,Spring,0
2023-03-09,0.7112469148487586,2023,3,9,03-09,Thursday,1.7955,0.045500003,Overcast,1.3299999,0.2,0,10,Spring,0
2023-03-10,0.15176265253182925,2023,3,10,03-10,Friday,6.8455,0.44550002,Rain showers,0.0,11.7,0,10,Spring,0
2023-03-11,-1.4172258222265162,2023,3,11,03-11,Saturday,2.8955,-0.004499998,Moderate snow,3.9199998,0.1,0,10,Spring,0
2023-03-12,-1.4172258222265162,2023,3,12,03-12,Sunday,5.7454996,-0.55450004,Light rain,0.0,0.4,0,10,Spring,0
2023-03-13,3.107299081727782,2023,3,13,03-13,Monday,15.6455,5.1454997,Light rain,0.0,3.8999999,0,11,Spring,1
2023-03-14,1.5383106069694368,2023,3,14,03-14,Tuesday,13.8455,2.0455,Moderate rain,0.14,4.8,0,11,Spring,1
2023-03-15,0.10311184711296581,2023,3,15,03-15,Wednesday,6.3954997,0.3955,Rain showers,0.0,0.7,0,11,Spring,0
2023-03-16,-0.12189812794927751,2023,3,16,03-16,Thursday,9.2955,-0.9045,Overcast,0.0,0.0,0,11,Spring,0
2023-03-17,0.7355723175581903,2023,3,17,03-17,Friday,13.7955,2.9455001,Overcast,0.0,0.0,0,11,Spring,0
2023-03-18,1.0457212021034445,2023,3,18,03-18,Saturday,18.1455,7.0955,Overcast,0.0,0.0,0,11,Spring,0
2023-03-19,1.4913973303155328,2023,3,19,03-19,Sunday,15.4955,7.0955,Thunderstorm,0.0,2.9,0,11,Spring,1
2023-03-20,0.6261080053657476,2023,3,20,03-20,Monday,11.445499,7.9455,Overcast,0.0,0.0,1,12,Spring,0
2023-03-21,-0.249606492173794,2023,3,21,03-21,Tuesday,11.1455,7.1955,Light rain,0.0,1.2,0,12,Spring,0
2023-03-22,-0.249606492173794,2023,3,22,03-22,Wednesday,16.6455,8.195499,Light rain,0.0,0.1,0,12,Spring,0
2023-03-23,0.4071793809808622,2023,3,23,03-23,Thursday,16.4955,10.5955,Rain showers,0.0,4.3999996,0,12,Spring,0
2023-03-24,-1.4172258222265162,2023,3,24,03-24,Friday,15.945499,9.0955,Light rain,0.0,1.8000001,0,12,Spring,0
2023-03-25,0.042298340339386536,2023,3,25,03-25,Saturday,12.3955,8.0455,Rain showers,0.0,4.2000003,0,12,Spring,0
2023-03-26,-1.3199242113887892,2023,3,26,03-26,Sunday,10.3955,4.2955,Rain showers,0.0,0.5,0,12,Spring,0
2023-03-27,-0.10365407591720373,2023,3,27,03-27,Monday,6.1454997,1.1955,Rain showers,0.0,0.1,0,13,Spring,0
2023-03-29,1.93967975167506,2023,3,29,03-29,Wednesday,10.695499,0.69549996,Overcast,0.0,0.0,0,13,Spring,1
2023-03-30,0.5531317972374524,2023,3,30,03-30,Thursday,18.095499,7.4954996,Thunderstorm with light hail,0.0,17.8,0,13,Spring,0
